trial,timestamp,x,y,duration,image_type,image_id
1,92,792.9576369667,293.1171483368269,0,,
1,153,916.1861905741955,585.1737342256444,61,,
1,215,1016.9543459751784,982.2280636533195,62,,
1,277,1139.7580478613215,1327.2380046190597,62,,
1,339,1093.2190430026524,1390.808730312184,62,,
1,400,796.7421800930358,1183.068661283236,61,,
1,484,633.175794827617,922.3659685094646,84,,
1,522,560.3116806680937,598.6945197647847,38,high,013
1,592,555.7707037767922,410.3156377023613,70,high,013
1,639,792.5272077372393,288.1996471806357,47,high,020
1,708,694.4088448127802,626.7970187008495,69,low,011
1,778,586.1228406605687,811.8314835844313,70,,
1,874,486.0893448765171,873.3098915169313,96,,
1,912,402.7268336968608,920.371476804153,38,,
1,974,264.6967459200244,878.8867998021983,62,,
1,1034,156.22610497747618,853.0813969992408,60,,
1,1094,140.0915163629075,814.0887800052843,60,,
1,1142,292.0506179484235,803.5991001382866,48,,
1,1217,512.8352060359607,812.4732133668255,75,,
1,1279,587.5729879288081,823.9467906402786,62,,
1,1334,727.2981313473318,907.5154191004852,55,,
1,1375,683.0506114673227,980.2506378010079,41,,
1,1431,590.7821813685276,1089.763197606736,56,,
1,1469,535.8785493930553,1131.7076104298733,38,,
1,1517,461.97989477865013,1159.798997699714,48,,
1,1556,445.32286174221866,1057.731219989778,39,,
1,1684,463.33929481491367,748.5632689808413,128,,
1,1778,445.05230691297595,523.4342199693097,94,high,013
1,1848,506.4521661208611,324.90078210556334,70,low,020
1,1896,504.349552429835,278.81796914380527,48,low,020
1,1968,588.8739711655949,80.14367830096761,72,,
1,2030,643.8218710622268,-41.90513301152355,62,,
1,2129,670.0597365870052,76.3691348416798,99,,
1,2191,739.0628924768248,118.29648493854455,62,,
1,2251,784.1764851643419,59.25017639609394,60,,
1,2298,1102.3351606427098,188.062110008163,47,,
1,2371,1290.4753337706932,375.56035465243366,73,,
1,2432,1395.7372253281376,548.4223244747803,61,,
1,2494,1386.1097478385548,650.6738542294662,62,,
1,2556,1400.706089576577,773.3361926910527,62,,
1,2611,1412.9762245091765,1088.0450293057938,55,,
1,2642,1406.7932424806056,1358.009129116509,31,,
1,2735,1382.0586467706642,1526.2964103731463,93,,
1,2828,1341.4467958191635,1634.773829604108,93,,
1,2860,1290.0465893887056,1594.8696983254044,32,,
1,2922,1250.0231546714472,1436.9679367884419,62,,
1,2984,1249.185063708323,1405.090884260806,62,,
1,3070,1218.1795525634138,1298.960937002266,86,,
1,3108,1189.663606376851,1163.2187522447093,38,,
1,3194,996.6999989947637,920.9701585464923,86,,
1,3262,855.2964844686023,820.5617008710572,68,,
1,3362,839.8916354081606,874.4441331942184,100,,
1,3424,805.5639580508574,863.2542403547541,62,,
1,3477,786.1928876765345,846.7580170652619,53,,
1,3537,803.717909049305,746.3255924954874,60,,
1,3598,867.6953582728102,711.9237798249109,61,,
1,3681,917.7299293043252,598.7893847696964,83,,
1,3716,1007.8383057769126,486.44787463215704,35,,
1,3776,1027.4359853620053,483.83969193366397,60,,
1,3837,1058.5063305959127,542.990951870805,61,,
1,3921,1060.8138790779428,632.2940973438406,84,,
1,3990,1011.4444337016809,693.5174829954823,69,,
1,4021,929.6585151441972,749.6493845255145,31,,
1,4091,875.2391738890375,660.962719711123,70,,
1,4138,760.3883667593245,501.03608345311216,47,low,011
1,4210,697.964114285687,525.8051931258683,72,low,011
1,4272,554.9359265713289,660.2085210510738,62,,
1,4375,424.00295480735906,673.854708481604,103,,
1,4433,291.9068320399399,604.8362289742707,58,,
1,4492,230.28273268331017,646.770713758207,59,,
1,4539,220.6499937075505,671.7393584353096,47,,
1,4608,292.69219458512083,744.6943641492641,69,,
1,4647,319.79397915132137,751.933762938916,39,,
1,4709,370.5689997860819,765.214011453509,62,,
1,4771,372.99821730802626,757.6721109854752,62,,
1,4831,426.8582496347252,793.1725867140699,60,,
1,4887,472.3553481736173,799.0054556284813,56,,
1,4918,490.6903457622007,778.2490349199384,31,,
1,5011,504.55202375009054,777.8239433361391,93,,
1,5105,465.8526253596476,928.6796858693115,94,,
1,5137,418.85968798739003,887.9181708184958,32,,
1,5199,383.90815829096675,917.6709757511904,62,,
1,5261,360.65872338987043,924.4657508770015,62,,
1,5353,362.0993399378627,923.6187781499425,92,,
1,5439,357.6925342632342,861.5024952733439,86,,
1,5509,402.129868678778,825.998864285883,70,,
1,5599,474.53274408640823,709.5859889197496,90,,
1,5668,547.6947452924305,623.9393105016647,69,high,013
1,5728,600.5766567583216,537.0491001094769,60,,
1,5789,593.8437661860041,527.6221917273883,61,high,013
1,5845,612.4438615148197,610.8853417049781,56,low,011
1,5877,610.1811363279489,680.7980831887793,32,,
1,5964,569.6635253021377,690.4210008564843,87,,
1,6033,515.7441280323629,681.5724591053724,69,,
1,6064,474.1991201654632,762.3282500717631,31,,
1,6133,419.7231454132352,707.9677637064214,69,,
1,6188,387.8152829071158,591.6841803499007,55,high,013
1,6226,388.2822322062477,502.2942114232684,38,high,013
1,6280,426.15546733836294,342.33870125723706,54,low,020
1,6318,433.88002586498385,290.19923229210775,38,low,020
1,6372,527.3162427720739,178.15389315661994,54,low,020
1,6455,580.5081077519661,99.81863549386738,83,,
1,6522,625.9266525875302,169.5595659714594,67,high,020
1,6585,660.2284196304834,388.42421718100604,63,high,020
1,6683,690.0921849101207,535.7226894388372,98,low,011
1,6744,639.7303937328561,672.5080542305612,61,,
1,6805,587.2052055957207,253.57364657651686,61,low,020
1,6852,507.01172179186017,-56.79447187531489,47,,
1,6890,438.685672007735,-26.25661040805575,38,,
1,6989,369.3138928191939,-45.39747239215428,99,,
1,7051,327.13059223865173,-129.5328339567437,62,,
1,7112,342.4744661410988,-80.91887565383416,61,,
1,7167,341.1559799872083,107.30933480128037,55,,
1,7198,356.0457384811298,230.73994169065088,31,low,020
1,7290,347.84746481729536,453.3859758312336,92,,
1,7382,248.84160863604342,615.5544048185689,92,,
1,7414,266.2198851057507,516.6375053991007,32,,
1,7475,385.90550050541253,339.5598357851205,61,low,020
1,7567,449.51296211313246,260.15095813983277,92,low,020
1,7606,508.8605538440782,59.37060393429362,39,,
1,7660,573.6031977452271,-124.23252665122774,54,,
1,7722,646.0085099639051,-160.29443128278007,62,,
1,7784,646.224518412755,-216.65270962678386,62,,
1,7853,653.8702948727375,-301.6118667101038,69,,
1,7907,694.6553103866847,-341.9084009255198,54,,
1,8008,719.5661916471145,-267.7272672410943,101,,
1,8069,695.4392958716053,-190.46264057946598,61,,
1,8137,611.8317685045448,-198.41491189411033,68,,
1,8161,536.6022942565716,-196.7040910926408,24,,
1,8199,562.1696504374319,-209.22443039212297,38,,
1,8235,590.8706158194938,-201.96946919025999,36,,
1,8272,555.846854212538,-166.71489215785587,37,,
1,8308,585.8803529595344,-90.02913625844401,36,,
1,8349,587.7361371531613,61.04199720451757,41,,
1,8372,589.5922703127248,187.7516900324194,23,low,020
1,8415,641.888302317369,264.49623349231615,43,high,020
1,8439,661.8838406986846,375.2234515385684,24,high,020
1,8480,711.3563116326962,523.539609668831,41,low,011
1,8504,752.4242304847666,543.4526731791171,24,low,011
1,8546,785.6596356415864,651.1475591574952,42,,
1,8570,805.5138409917826,752.7434927872944,24,,
1,8613,847.2519619255585,757.1230490573373,43,,
1,8636,867.8316184728666,789.8756420667363,23,,
1,8679,917.9684468617038,840.1326005176265,43,,
1,8702,957.9568854530727,876.0020971497918,23,,
1,8745,988.8681644117215,899.8280864909459,43,,
1,8768,956.8903464538868,885.8136408547095,23,,
1,8811,981.3526848025131,896.186744464583,43,,
1,8834,976.0570956478247,872.9081603298464,23,,
1,8877,969.7358315401191,875.4621895259446,43,,
1,8900,962.4636846080205,874.5551159006453,23,,
1,8943,953.207386154712,867.4645815349919,43,,
1,8966,969.5731236873836,890.3447355961299,23,,
1,9008,982.1398116753529,881.5811781692231,42,,
1,9032,991.8478895616144,872.2346473326478,24,,
1,9074,999.0607685231323,862.8281560755017,42,,
1,9098,991.5827684307249,943.5223815316134,24,,
1,9141,973.4849474728678,920.5403598343715,43,,
1,9164,989.8239709207867,923.8581140642328,23,,
1,9206,1017.5329084873533,945.5148865926948,42,,
1,9229,1040.5447246288975,962.7513662998866,23,,
1,9271,972.021837639691,1023.9372642465144,42,,
1,9295,934.3174176991533,928.4584410450893,24,,
1,9339,902.1643433263117,822.7835929673141,44,,
1,9362,865.6604993830874,734.741261264065,23,,
1,9404,790.5522284127987,696.5005533298023,42,,
1,9428,554.294146699078,802.0947586030975,24,,
1,9470,482.53295612941105,929.1574136532407,42,,
1,9494,411.038088518042,1016.4779721086995,24,,
1,9537,409.91784956483457,831.9317314962726,43,,
1,9561,538.2007969163627,689.5791564296989,24,,
1,9602,621.8493563326952,846.0056556843723,41,,
1,9626,681.5261258000261,911.9179462668961,24,,
1,9669,653.8298894218268,902.483036893836,43,,
1,9693,630.0204063017669,716.6531625393782,24,,
1,9752,696.3937877057142,883.7229420437668,59,,
1,9776,652.6607574846364,723.02859871579,24,,
1,9833,756.7339798796571,788.7839161803471,57,,
1,9856,681.8503383812365,726.1147101886005,23,,
1,9914,753.2449213684748,727.6792026096758,58,,
1,9937,768.8536466456254,808.1014672940044,23,,
1,9988,689.2542958515611,554.5831835213527,51,low,011
1,10321,672.5980339976111,726.998618223321,333,,
1,10517,708.9039704421812,846.5265985602312,196,,
1,10815,620.0972368706375,875.4175713330887,298,,
1,10873,595.4202668834807,694.2880575337949,58,,
1,10896,703.7426955822964,774.3329596376543,23,,
1,10946,696.5936308497207,699.1828795614988,50,,
1,10988,768.5021770913014,598.3490022933084,42,low,011
1,11011,848.6666936158084,519.8846815157236,23,low,011
1,11047,1031.7825695359538,469.5466408417993,36,,
1,11087,1067.0388531838603,497.4216750024372,40,,
1,11111,1038.8101870461373,664.5789157975775,24,,
1,11153,1048.6911243552854,727.1200300201397,42,,
1,11176,1074.6854422853542,679.6652440160846,23,,
1,11220,1093.5956873870025,662.8098917867112,44,,
1,11244,1094.264964261956,645.4972057559288,24,,
1,11285,1070.7190621131533,582.8580311076435,41,,
1,11308,1032.8162563454107,527.0021681851457,23,,
1,11381,781.6734922025473,667.5932229350815,73,,
1,11427,679.9002626708813,651.1654216417335,46,,
1,11499,747.0141304421414,424.62355545341353,72,low,011
1,11641,691.6462333817999,557.2191050682645,142,low,011
1,11704,547.634554945435,561.8928177099266,63,high,013
1,11804,706.5532297360925,117.21807061779712,100,,
1,11889,735.5276009498773,635.5417721652327,85,low,011
1,11953,724.2721983916008,912.831251969407,64,,
1,12047,628.1408198600491,578.1921242944395,94,low,011
1,12132,557.2094467114202,616.253662164545,85,high,013
1,12308,452.88262611769306,1328.9025305819896,176,,
1,12430,263.3942652857559,562.3705611990529,122,,
1,12430,387.63370547504434,481.955834827244,0,high,013
1,12468,335.9692569615488,278.7296726150905,38,,
1,12568,291.8732384183418,-60.78505382115229,100,,
1,12662,412.1975397963291,-173.8394335739943,94,,
1,12733,611.8025988367866,-52.688804522438005,71,,
1,12826,647.2148397903711,230.19101894292476,93,high,020
1,12927,951.8522915861448,745.9675459120962,101,,
1,13028,1043.2444682988678,731.2128648457268,101,,
1,13090,1026.722670078385,701.3756990807213,62,,
1,13215,1022.2181420997041,638.4457149096945,125,,
1,13287,890.3869644707947,637.9399633537008,72,,
1,13365,675.7693688131326,632.0700170640162,78,low,011
1,13401,700.718411053722,575.4058034948558,36,low,011
1,13490,930.7027863353135,378.77956719132294,89,,
1,13589,1207.7639705199094,290.99765106720145,99,,
1,13674,1322.8142995864043,283.1029654506242,85,,
1,13728,1338.8600015405166,338.43183842321685,54,,
1,13851,798.8418427305103,359.2519575421785,123,high,020
1,13981,295.4947508284317,133.23550413167527,130,,
1,14035,329.54004473557137,37.84064492023479,54,,
1,14128,351.97901279982995,43.54534230727673,93,,
1,14253,274.1955382151331,38.105946038979994,125,,
1,14391,540.4129760367055,432.114811386398,138,high,013
1,14470,544.3159401641002,433.7778973290007,79,high,013
1,14511,648.3075537719424,432.63087766656633,41,low,011
1,14611,811.9989752769675,274.517665411079,100,high,020
1,14703,793.6989059192653,439.91035285651975,92,low,011
1,14774,795.9173145962034,583.2855890406416,71,low,011
1,14892,897.935908988219,409.31684527344265,118,,
1,14995,881.8303589324374,326.5865175092487,103,,
1,15116,672.5580325090808,249.24888089409373,121,high,020
1,15230,534.0569040631814,216.64054259657559,114,low,020
1,15364,622.6140955783434,118.04452789453605,134,,
1,15434,583.3740392038883,48.510378860564316,70,,
1,15500,554.4643040696783,-68.34127609402668,66,,
1,15598,480.67058622712585,-141.1454967016988,98,,
1,15653,432.0919338670226,-264.30418760940637,55,,
1,15756,441.14496811893616,-230.09155440225817,103,,
1,15881,436.52510117141514,-157.22797728044807,125,,
1,15942,471.6869195513789,-49.7687586198456,61,,
1,16060,491.02742412750183,6.455516950939756,118,,
1,16159,477.61251624617,-5.303542385716696,99,,
1,16221,481.1502301270036,-34.513677369053184,62,,
1,16344,533.0075049059897,-62.763174180026624,123,,
1,16407,551.0050186137031,30.11740652534222,63,,
1,16532,607.6954337368684,200.49368532991232,125,high,020
1,16658,808.0583244425912,324.5238415072766,126,high,020
1,16776,815.4944276270759,386.4432116207329,118,high,020
1,16841,843.5787089419009,377.84710193856944,65,high,020
1,16931,807.3079514604369,390.55746191300005,90,high,020
1,17024,825.3998938851554,317.73532119555813,93,high,020
1,17110,752.5418799643389,300.1750253338374,86,high,020
1,17202,760.8308679553104,318.7352647215259,92,high,020
1,17326,656.0665313830735,545.6827745132242,124,low,011
1,17444,587.8483103399961,762.3352172023342,118,,
1,17582,542.8554567069383,705.3511556202516,138,,
1,17661,532.2207824456318,714.1235765380022,79,,
1,17755,597.5846431902528,606.8506660965259,94,,
1,17887,565.098738996457,614.17340657606,132,high,013
1,18011,647.2608171899602,575.5931638830657,124,low,011
1,18115,643.0070608058642,642.5151157302969,104,,
1,18193,651.3235093020054,699.4395705845119,78,,
1,18299,650.5588341572192,646.1851232739954,106,,
1,18431,545.6503883413117,646.6211926045123,132,,
1,18520,434.9611054157838,633.5243818091524,89,high,013
1,18609,481.9564071404614,655.042365988836,89,,
1,18687,511.07021980213773,683.0318392441336,78,,
1,18782,507.1061122059034,707.1184498269462,95,,
1,18906,551.654358265606,698.8705433657004,124,,
1,19036,450.4979198538249,570.3632999148223,130,high,013
1,19090,382.09805033611923,627.5118005295141,54,high,013
1,19190,445.3298875572707,708.5088909833034,100,,
1,19252,665.4815316188829,746.4353547347234,62,,
1,19321,809.2247213277393,818.5567652093531,69,,
1,19413,858.3348558952591,853.9173312588888,92,,
1,19502,931.4247267339371,823.6031136938268,89,,
1,19558,926.5828439085667,816.447634270273,56,,
1,19618,983.1830696355713,819.6267576043417,60,,
1,19700,1062.8597481873244,807.2967915458637,82,,
1,19738,1084.4224631572513,770.735111891119,38,,
1,19823,1117.9463467639766,747.2302722716504,85,,
1,19891,1240.1810305215588,837.277954440737,68,,
1,19914,1294.3979777772327,889.4271271249506,23,,
1,19979,1313.5581046131429,942.7562294668895,65,,
1,20040,1348.5951642850644,1032.3285954025987,61,,
1,20103,1312.1963394337645,1153.4994561714873,63,,
1,20166,1250.058104376035,1247.935954181948,63,,
1,20228,1153.4552226121853,1223.9742302072577,62,,
1,20290,1114.1883603777044,1190.4602045976135,62,,
1,20360,1110.4490416177366,1126.1748219364847,70,,
1,20407,1170.2092866678645,1112.4072457151547,47,,
1,20476,1208.0436629192448,1082.4926013680283,69,,
1,20538,1244.3397381325053,1092.702423706706,62,,
1,20627,1280.5045329049522,1097.2123505489997,89,,
1,20711,1284.9401970874605,1197.4314783368407,84,,
1,20780,1238.2056239315123,1362.023036763223,69,,
1,20849,1219.442929497071,1420.7412792424839,69,,
1,20904,1203.2665142913484,1456.8390763958546,55,,
1,20963,1168.8342511018327,1465.0900269192136,59,,
1,21021,1131.3708517112102,1462.57861152631,58,,
1,21087,1091.693840808871,1479.8326422760106,66,,
1,21149,1083.747392568522,1421.7039397293745,62,,
1,21220,1072.4361119983612,1388.4262971696444,71,,
1,21267,1079.3894519188725,1325.6392875428428,47,,
1,21336,1102.9729627823788,1259.2650573489402,69,,
1,21399,1110.6255787227112,1263.7489915139943,63,,
1,21492,1102.6554633740473,1338.6101739345027,93,,
1,21526,1092.804731199037,1294.191915683561,34,,
1,21619,1128.4692070720967,1393.8487696844807,93,,
1,21704,1101.936296696137,1520.5049032648449,85,,
1,21772,1101.2889758911053,1664.0078577741333,68,,
1,21796,1099.982242247693,1682.540905847297,24,,
1,21864,1053.6909250226063,1787.793715552807,68,,
1,21924,1000.7945448758712,1812.4610612030704,60,,
1,22013,983.095606169375,1819.3457383027544,89,,
1,22098,959.8022165208357,1831.024813807935,85,,
1,22166,893.474338251932,1807.3839025891225,68,,
1,22234,902.5652586924186,1762.1645892927236,68,,
1,22296,917.9107244135133,1711.532356881458,62,,
1,22343,911.9803146531611,1747.588637491271,47,,
1,22415,907.861360814584,1784.9028917874466,72,,
1,22577,906.0783958935084,1792.276921770174,162,,
1,22740,993.5744609913409,1812.3102411986615,163,,
1,22960,1131.7823472771322,1610.7898117150648,220,,
1,23083,1080.7374904179105,1615.724876717478,123,,
1,23193,1081.7151096133196,1515.2086213794935,110,,
1,23329,1051.6579840977688,1542.9097360385254,136,,
1,23430,1003.4085164683316,1566.8484877937644,101,,
1,23563,980.1522238803775,1473.8514784432837,133,,
1,23722,973.8182134815247,1478.839717808254,159,,
1,23944,933.0515766906101,1244.9318771833175,222,,
1,24059,685.9919942149938,974.5791331265274,115,,
1,24144,581.1562338343948,1052.6794480803783,85,,
1,24205,550.1630906025429,1179.5741521762682,61,,
1,24338,687.4532021378334,1197.8323164611224,133,,
1,24437,820.2811374862857,1139.9001246857158,99,,
1,24538,874.1907194913446,957.836985415213,101,,
1,24660,466.8561119196626,836.941462392845,122,,
1,24800,223.5390464171517,803.1336615958826,140,,
1,24901,167.7126382889006,820.7744739974554,101,,
1,25033,84.84420111978609,1266.3183589104183,132,,
1,25195,141.25487183440129,1174.0431848797502,162,,
1,25280,136.59635587341967,1278.9890178389924,85,,
1,25405,141.99304399057092,1179.3450427461353,125,,
1,25551,71.01292226199455,1341.6854975065178,146,,
1,25688,110.95107205924083,1260.2902673796773,137,,
1,25766,162.1999933119225,1143.6565783551068,78,,
1,25935,335.5063562478529,721.1267247081869,169,,
1,26091,161.22362590921193,421.7874818080684,156,,
1,26176,265.6666723564183,385.3402919340439,85,,
1,26308,370.7108786006301,679.9562528897543,132,,
1,26485,454.94174642910355,917.3676178432539,177,,
1,26667,554.3146033889109,894.3959945171229,182,,
1,26743,571.794307121659,862.2265106670253,76,,
1,26857,515.1351243686294,628.3831206778883,114,high,013
1,26952,566.101760827681,344.2269729806071,95,low,020
1,27066,504.4989954314424,427.62199270378187,114,high,013
1,27192,433.184784235291,265.22471193793274,126,low,020
1,27317,381.3305619952595,204.71465318236608,125,low,020
1,27534,345.1048605754366,117.31843926977633,217,,
1,27627,278.17202742218996,179.2405540445249,93,,
1,27712,305.42979889629396,222.27661622276074,85,,
1,27783,297.92372271838974,259.5909133103746,71,,
1,27974,241.58149064956098,143.44883461714969,191,,
1,28092,285.4286475471378,170.6768419232029,118,,
1,28206,328.3182278443926,117.1742676134731,114,,
1,28284,423.72914105862026,41.36521252794913,78,,
1,28421,445.2949945542186,246.97446791250707,137,low,020
1,28571,296.4092243466032,406.69440247957857,150,,
1,28702,464.02955120252153,177.62856636027652,131,low,020
1,28818,263.3805101588337,282.4808993065283,116,,
1,28903,-54.77683513362121,810.8521374284314,85,,
1,29027,89.38910433184734,967.6784369821022,124,,
1,29164,229.49110359715206,793.458580003023,137,,
1,29265,571.0074071955926,301.42069220103804,101,low,020
1,29398,790.1279661512284,261.27084131293793,133,high,020
1,29581,705.2416646305388,-3.860684029658586,183,,
1,29743,236.39220377001035,271.5135819809807,162,,
1,29842,5.182130982599698,761.8296900186672,99,,
1,29965,-207.95009587060258,1116.1139296442993,123,,
1,30089,-312.34757820595684,1182.5816981845865,124,,
1,30206,-410.87826141152874,1118.573943590472,117,,
1,30292,-267.472595616469,936.7464879044088,86,,
1,30446,46.52905698578563,452.3974124183852,154,,
1,30613,-18.17965201112297,600.7400585774153,167,,
1,30692,25.994359999717503,599.1590781071872,79,,
1,30787,-64.99128250443867,532.6742299757376,95,,
1,30910,-208.5349283763491,719.3718498539499,123,,
1,31034,146.8712192013557,252.07251432337262,124,,
1,31073,231.9819684336063,-5.542150020960747,39,,
1,31195,499.8660256433298,-451.8066521848248,122,,
1,31256,597.4029360214653,-639.4005918310322,61,,
1,31441,487.15667568835926,-429.70267287172635,185,,
1,31586,236.99655954143793,186.85639315181768,145,,
1,31632,131.74431237379642,443.5873160874124,46,,
1,31716,76.80453454481268,605.2217576055936,84,,
1,31810,-118.62024108643192,590.4766702480123,94,,
1,31911,-55.721815241094845,567.5328841354881,101,,
1,31982,202.67430955323792,154.7270024440335,71,,
1,32089,189.87276059588555,145.04111192437932,107,,
1,32234,86.40052659221405,363.63610788659855,145,,
1,32271,199.3726818543849,287.3217331414853,37,,
1,32370,131.94265627132052,295.0527587184211,99,,
1,32441,37.18763590518035,394.1973975690956,71,,
1,32542,366.5325059042543,-235.75562826515176,101,,
1,32663,300.2803923277684,-219.58244414980547,121,,
1,32761,223.21516391766124,-77.57400100058396,98,,
1,32846,147.93431658274065,206.23529097173505,85,,
1,32901,105.88187782471144,287.6483211274387,55,,
1,33002,-91.11837252746358,775.6105026060504,101,,
1,33158,-134.1520460871761,991.0769646563052,156,,
1,33312,409.29095250268267,889.5036545753944,154,,
1,33374,850.9118983702414,1270.1941403933536,62,,
1,33436,840.3028786135282,1480.9215119884402,62,,
1,33583,689.7966876306975,835.7019827434815,147,,
1,33709,522.3564518062839,368.88524375004647,126,low,020
1,33747,322.886008987134,230.25651637117676,38,,
1,33841,48.77273603711897,412.81594127866134,94,,
1,33987,-81.77200290790799,465.8437120726806,146,,
1,34024,-52.66487639230678,505.90405406693685,37,,
1,34114,522.84494299672,491.3942350998243,90,high,013
1,34214,942.5519507014998,415.9295022280979,100,,
1,34307,1287.8673528811505,369.2116057905003,93,,
1,34385,1468.5606318196037,301.2059918842791,78,,
1,34478,1224.2452743505548,437.0787039134209,93,,
1,34571,1064.7084882165811,515.6530315425455,93,,
1,34682,1255.418937291639,464.8731905116267,111,,
1,34761,1387.3861512872122,240.29835208102872,79,,
1,34862,1562.3840960824718,-4.639426873116406,101,,
1,34954,1638.9346357130676,-101.36103480405303,92,,
1,35076,1448.6178142221295,135.82782440735176,122,,
1,35198,1065.4136617069194,306.5887619101683,122,,
1,35254,829.7755870477872,395.13472421857045,56,,
1,35353,693.9191111202789,444.9217619861324,99,low,011
1,35470,660.1787924201235,500.9674949144952,117,low,011
1,35571,633.6508558040046,493.93818609820323,101,low,011
2,189,722.9378936676669,529.7097325004718,0,,
2,267,599.4402940605086,559.8898461073189,78,,
2,332,670.0512728040873,692.8892615227923,65,,
2,449,536.7809239530269,279.3940509254509,117,high,014
2,580,702.8142053687981,390.62737961517814,131,low,001
2,644,709.2413230380919,747.6510513481649,64,,
2,823,604.9469297043805,809.1251191418424,179,,
2,886,545.8425581036236,999.5169456313295,63,,
2,1121,312.97660273426675,752.2581145664644,235,,
2,1121,317.0778937217452,533.2763435203517,0,,
2,1212,246.08045326547082,35.60375474681251,91,,
2,1353,341.04404908836614,-153.75670759763767,141,,
2,1424,468.61375057486015,-181.98031098098127,71,,
2,1493,621.930082816641,8.310458611236072,69,,
2,1586,755.4214644255542,382.66903446586724,93,low,001
2,1719,1023.7439321753782,744.0094955279887,133,,
2,1843,1022.3146685974833,718.4613910177547,124,,
2,1978,936.2930016427496,599.1726713737374,135,,
2,2056,733.6372619643763,631.1056121359686,78,low,009
2,2145,806.305477210866,428.5030065349777,89,low,009
2,2236,1138.272643478995,312.1310292510102,91,,
2,2365,1290.5324043982107,301.09404504082784,129,,
2,2464,1329.8300169687275,408.6840296668866,99,,
2,2542,657.2398793834443,389.1468611371683,78,low,001
2,2586,508.2092563740526,309.160061769344,44,high,014
2,2672,294.31006791403104,111.09883166183343,86,,
2,2764,339.03426899364473,23.668050958756766,92,,
2,2865,266.36767097639375,-16.09638398880224,101,,
2,2944,435.3106896912581,234.77898675108233,79,high,014
2,2990,501.4444123643188,348.5050501308261,46,high,014
2,3082,550.884959226402,467.659138298874,92,high,018
2,3161,648.3886367960148,412.3236225785599,79,low,009
2,3256,803.7687531322618,334.6850669702173,95,low,001
2,3394,787.8530710044394,371.1594326250903,138,low,001
2,3465,797.1047762958334,545.2829071014568,71,low,009
2,3537,878.0121927554974,440.38409316189717,72,,
2,3649,886.1869751105628,336.87026042348816,112,,
2,3748,782.5760436275817,273.6625365947684,99,low,001
2,3807,588.9641081882925,237.00520860963474,59,high,014
2,3866,557.0478744951592,209.70802158161646,59,high,014
2,3921,529.4771397347316,188.77817645989433,55,high,014
2,4055,594.5003990414573,136.13738559172137,134,,
2,4125,570.7045709208912,55.2454528024509,70,,
2,4191,559.6997659085721,-65.22788332586882,66,,
2,4344,442.823144541943,-238.47258328511467,153,,
2,4447,429.1704313891477,-225.6215097779519,103,,
2,4510,444.5835348870987,-162.94713901573974,63,,
2,4633,443.89793091518595,-123.65465967678281,123,,
2,4696,505.578449978916,-11.275248033841027,63,,
2,4751,473.35316139998156,34.42209905232491,55,,
2,4850,510.5817493309803,13.134733473388494,99,,
2,4974,522.4537520244351,-46.80673395329811,124,,
2,5098,564.2763064379823,-33.78965634718999,124,,
2,5159,580.4301564120647,148.88299176291133,61,,
2,5223,630.0165665737535,241.58905593536838,64,low,001
2,5285,733.8798810346974,303.9392296454443,62,low,001
2,5408,882.9086040003938,378.30621342510517,123,,
2,5532,810.7542606469746,377.80832270380915,124,low,001
2,5622,839.3101218696402,366.34071784333236,90,low,001
2,5714,792.7213623512883,350.0026467855864,92,low,001
2,5801,756.5849788415144,314.88885530308204,87,low,001
2,5855,744.4991277251764,299.0295040971961,54,low,001
2,5956,709.9135609480801,397.09345436528645,101,low,009
2,6017,649.5702991771311,613.1183705684191,61,low,009
2,6080,578.1978487439253,735.3716909110494,63,,
2,6135,575.3001949730984,777.1613490374382,55,,
2,6273,554.1503629910533,682.7809911965885,138,,
2,6352,529.2411923233734,736.3988179671809,79,,
2,6391,586.7596927372971,679.2648817818714,39,,
2,6492,575.2066509230878,622.2279062040791,101,high,018
2,6578,567.612397516321,585.4279979067097,86,high,018
2,6640,611.4400869569977,565.6454335422151,62,low,009
2,6758,645.5589293974034,604.8150822258766,118,low,009
2,6884,645.5183895494554,677.0453287043686,126,,
2,6990,671.3533628371665,674.8359542585828,106,,
2,7052,572.8265045090446,647.0068862066885,62,,
2,7211,492.8499162264994,586.4978002389084,159,high,018
2,7300,462.9771647011578,629.344292767158,89,high,018
2,7378,484.72844744248306,697.6418523209901,78,,
2,7417,528.8293594245272,718.7874571923455,39,,
2,7518,558.6555734051,729.6767952484824,101,,
2,7597,493.83008228676573,623.575575182917,79,high,018
2,7642,478.1720531174324,597.3556308768893,45,high,018
2,7727,393.8559336469242,660.6261531300595,85,,
2,7819,412.0152205226652,680.2307333849005,92,,
2,7943,553.2444702682616,729.4053562741276,124,,
2,8104,832.9408622702078,865.8416754442403,161,,
2,8193,877.8952992808314,839.7532611244554,89,,
2,8249,956.1693455558492,812.8065785622429,56,,
2,8278,971.801725990253,815.350624362203,29,,
2,8345,1037.6033166433429,809.4265303247329,67,,
2,8392,1072.7159560462183,776.6453561127186,47,,
2,8452,1091.177340546475,753.6608304630731,60,,
2,8490,1121.4108542046074,761.6666409240438,38,,
2,8582,1173.3369288392532,776.0210261940894,92,,
2,8670,1306.7835681842419,919.1756677878582,88,,
2,8701,1346.2819201873515,974.4583367172827,31,,
2,8762,1354.2703097449873,1076.6235134421768,61,,
2,8826,1279.3062686385117,1206.7265588612404,64,,
2,8888,1218.8998812572015,1301.1482067992795,62,,
2,8949,1117.2277721939197,1188.3101316784398,61,,
2,9012,1107.2805061777633,1227.0617537724345,63,,
2,9098,1145.5962416330444,1128.1172143304655,86,,
2,9167,1189.5282671089449,1092.3629998011695,69,,
2,9198,1223.4552224687448,1074.7500581434304,31,,
2,9265,1270.2287882260707,1086.1941935482928,67,,
2,9318,1298.6827319697938,1090.7362714167818,53,,
2,9355,1305.0170279659199,1127.7707928430716,37,,
2,9402,1271.042364345831,1246.792651432807,47,,
2,9471,1253.5087517197958,1310.2381709587792,69,,
2,9503,1230.9136988425685,1404.1936535173854,32,,
2,9595,1188.8057682766905,1432.8343363265135,92,,
2,9712,1146.8960858033422,1462.613460053675,117,,
2,9744,1109.2113532559354,1472.9129924235328,32,,
2,9809,1086.4111799421678,1466.683092270738,65,,
2,9871,1082.9005315710783,1382.3259676282782,62,,
2,9958,1075.6064679281285,1354.3196899898617,87,,
2,10027,1101.5339164295228,1273.8351490218802,69,,
2,10058,1122.4522688811794,1220.5088146705148,31,,
2,10129,1100.3633889033963,1302.736737551801,71,,
2,10183,1082.5505135417989,1359.48445239456,54,,
2,10256,1128.6643165017115,1333.3223358228263,73,,
2,10310,1126.5619686765735,1421.3018409948775,54,,
2,10348,1124.5767668302328,1443.4601504967686,38,,
2,10395,1104.736015504429,1607.4120089505388,47,,
2,10463,1086.3905522956254,1690.3893062808218,68,,
2,10555,1074.8997520554585,1741.1799790029106,92,,
2,10585,1024.6665318206776,1803.2673466956091,30,,
2,10651,995.2823433304767,1832.3576898747285,66,,
2,10704,980.8202926618303,1836.6146396603056,53,,
2,10742,973.3731880388077,1830.320908424661,38,,
2,10789,938.1007627202663,1832.1155467694718,47,,
2,10857,893.5873445100991,1820.1955586251415,68,,
2,10888,911.2398190701203,1758.3670287505242,31,,
2,10987,899.3982744296326,1773.3048035765707,99,,
2,11034,914.4407049997625,1730.4614307502309,47,,
2,11106,910.3628200112518,1762.7067664750946,72,,
2,11183,908.4888009210973,1788.085270075418,77,,
2,11338,953.3053034512537,1796.5118887983576,155,,
2,11431,1031.6443469369883,1875.3924252075872,93,,
2,11529,1078.6024629075964,1746.2726063751725,98,,
2,11651,1157.1647395258963,1511.993920582366,122,,
2,11774,1110.345485786923,1538.5825246618954,123,,
2,11884,1082.0491588920358,1551.8119848941576,110,,
2,11945,1049.830710916272,1509.4897086495178,61,,
2,12121,1025.150680919895,1591.1570252073843,176,,
2,12254,981.6792676872493,1509.2883819853616,133,,
2,12322,985.6904213795262,1467.7919471920234,68,,
2,12513,977.9321878679257,1615.3343604020013,191,,
2,12635,751.0832537332166,958.3036164586119,122,,
2,12750,635.6788724631152,938.5382731927393,115,,
2,12835,529.351516884083,1110.1669332648466,85,,
2,12960,602.1004169527437,1306.2787354159718,125,,
2,13128,818.0569595309604,1161.4407900370413,168,,
2,13229,869.9431639947333,1003.2067383022671,101,,
2,13351,570.3241767080442,842.5003711809293,122,,
2,13491,254.41571458452538,818.4971774267786,140,,
2,13592,178.07163812199505,784.1182388805053,101,,
2,13724,127.12215146012954,1133.3826292954093,132,,
2,13886,109.30683470590289,1202.3019727927117,162,,
2,13971,167.1296355607269,1213.2280927431227,85,,
2,14096,134.92204635003816,1307.0187228265181,125,,
2,14242,91.3863309093403,1266.4909380556778,146,,
2,14379,133.39960247521273,1195.9947212843572,137,,
2,14457,153.25517642726456,1273.1799301340225,78,,
2,14626,285.4387952099696,794.8985108514973,169,,
2,14713,213.03283256571314,540.4071920600396,87,,
2,14867,164.20680590397282,423.05406257762337,154,,
2,14999,377.6488231026918,631.4003284376372,132,high,018
2,15091,404.4770059139707,906.3514939410439,92,,
2,15176,528.0737918266799,924.0841033545879,85,,
2,15358,566.7992568455405,890.6699631488417,182,,
2,15548,517.607407948376,707.5291226161493,190,,
2,15643,555.7507165172981,396.28450646163793,95,,
2,15757,559.3514072673441,349.4173081837183,114,high,014
2,15837,489.7375931686813,319.7229008210952,80,high,014
2,15961,414.38955909067937,222.47603803091826,124,high,014
2,16108,382.4875532356013,87.08515682983895,147,,
2,16225,328.495548517151,146.11487945325536,117,,
2,16318,320.4546679607447,206.61158980429397,93,,
2,16474,306.40602521073737,209.17761387531482,156,,
2,16566,262.18890183059494,153.7843165333203,92,,
2,16783,278.2038533518215,209.91592907109455,217,,
2,16897,391.2660253764497,54.93715906015362,114,,
2,17021,426.8178181732414,360.1128376346629,124,high,014
2,17195,344.0721930876517,322.4645610350354,174,,
2,17262,285.5351277868879,336.1468775569454,67,,
2,17340,445.360906227791,235.17450310023656,78,high,014
2,17509,342.0989634823245,133.3332331367411,169,,
2,17594,83.648274550428,593.2270347835075,85,,
2,17718,87.86480932413897,854.7404706848608,124,,
2,17855,203.356559918137,773.4485067459058,137,,
2,17956,514.5339316935446,487.01472545270906,101,high,018
2,18089,775.4602454221682,279.87252467585546,133,low,001
2,18272,720.6975593829346,86.9765992534858,183,,
2,18340,476.7765190429816,28.47457469254485,68,,
2,18533,160.40124679795028,440.70757810877404,193,,
2,18656,-98.92966666806147,949.1672623470939,123,,
2,18780,-281.02611705971265,1140.9175456811965,124,,
2,18897,-402.0612282412907,1163.202263318359,117,,
2,18983,-297.92835099061824,1056.0871074199713,86,,
2,19137,-16.54831108580273,583.5702989272156,154,,
2,19304,48.10952174160924,450.8537858845952,167,,
2,19383,38.36814529994886,492.30262441704923,79,,
2,19478,3.8746072909119533,553.2205394988871,95,,
2,19601,-161.22946948196991,564.3249953279832,123,,
2,19725,20.110435347629448,417.6797114265983,124,,
2,19824,451.377432476909,-417.9914083038038,99,,
2,19947,567.061208042196,-607.6119025778496,123,,
2,20017,600.3226969846401,-468.88219205077206,70,,
2,20132,449.6491902071034,-313.70761806879335,115,,
2,20199,319.6171300886587,-22.446658184628404,67,,
2,20277,201.66217060823394,362.08545147309667,78,,
2,20407,85.66758824370822,556.3558283941262,130,,
2,20462,-110.2567305076622,615.2942808496819,55,,
2,20556,15.889302728787115,457.8483789708556,94,,
2,20673,145.47796017602855,203.22150500330915,117,,
2,20742,142.9762915159406,159.76672739034984,69,,
2,20847,36.64898772447724,394.1345091507462,105,,
2,20925,167.78731117330548,309.8126063092212,78,,
2,21016,181.15154504732672,279.95814332608217,91,,
2,21132,43.6923389039197,385.49128667585626,116,,
2,21198,271.8029299868936,-77.3893153962388,66,,
2,21292,370.5423033486183,-309.5603546673261,94,,
2,21407,279.1697404236305,-158.38574362362775,115,,
2,21537,298.98067094539834,-28.229120366122842,130,,
2,21630,103.28562149994627,383.6684664367903,93,,
2,21762,-169.26265941932445,924.5099688498814,132,,
2,21849,-112.46878078767068,926.654957442143,87,,
2,21919,262.48978578210375,818.9336894321921,70,,
2,22003,718.3938376958798,1248.733932469241,84,,
2,22127,823.4073320470213,1433.3318538703186,124,,
2,22196,747.7577768058937,997.0509392187249,69,,
2,22274,660.9692873853207,620.9794737043343,78,low,009
2,22400,429.2093885375215,318.61416624187433,126,high,014
2,22493,124.18035094385282,372.9313075983191,93,,
2,22600,-48.89751095034255,449.0350135015585,107,,
2,22678,-129.07637208987487,518.2021882533246,78,,
2,22767,341.02149123324494,489.7367370024315,89,,
2,22859,862.2248324130844,458.29017472046206,92,,
2,22998,1221.1191831480855,363.3244217167575,139,,
2,23076,1398.5808494850057,348.8300827575086,78,,
2,23169,1214.9152093185826,474.344438020929,93,,
2,23262,1013.7526788513767,506.54011985714186,93,,
2,23373,1186.3037301369222,491.13487509696574,111,,
2,23452,1332.8003925586495,360.61808270436325,79,,
2,23553,1499.950001110384,74.72008524047015,101,,
2,23607,1648.019146893834,-114.78831004168653,54,,
2,23706,1523.8231205877669,36.324372939058534,99,,
2,23828,1231.5681316618125,250.37531825448048,122,,
2,23945,918.3499953488351,365.22221245210653,117,,
2,24044,701.1062224526535,448.463263678171,99,low,009
2,24106,673.4201744600167,505.2403016686841,62,low,009
2,24200,653.1721498433839,480.1260420804889,94,low,009
3,220,915.5499881080973,1793.1238936812663,0,,
3,289,970.9827022912183,1806.0722616916512,69,,
3,480,1040.613571353374,1837.9009401105309,191,,
3,602,1164.2767756778956,1563.4633694791185,122,,
3,725,1129.8630000869694,1505.8148747365772,123,,
3,835,1079.5238454184375,1572.282006817223,110,,
3,896,1058.3657275879484,1512.7201381571278,61,,
3,1072,1038.1138842591174,1582.6394931330851,176,,
3,1119,984.6238233214738,1551.3137032296065,47,,
3,1273,976.3909017312042,1476.591053864525,154,,
3,1364,950.4995075200807,1568.5249251371013,91,,
3,1464,1020.2660656147006,1588.6891759075409,100,,
3,1586,858.5022821077389,956.5150455614837,122,,
3,1701,682.6788788114443,916.0913569229023,115,,
3,1786,554.7333601142535,1102.4443825150668,85,,
3,1911,595.607422968516,1225.6718450901265,125,,
3,2079,814.9783994131109,1147.4390407016374,168,,
3,2180,826.869927098206,1080.5973462819393,101,,
3,2302,695.7795281061921,832.7678471076205,122,,
3,2442,297.77302653270556,838.7973925597714,140,,
3,2543,185.39288127336485,815.4198522584664,101,,
3,2590,171.2258261370048,870.5255157859609,47,,
3,2744,88.59908439457706,1273.782247519768,154,,
3,2837,158.42788673474251,1154.4985503298242,93,,
3,2984,169.6693333008832,1282.717280757803,147,,
3,3115,91.64195273727651,1320.3889816577885,131,,
3,3239,85.69120507812409,1320.6898957512888,124,,
3,3408,169.73567460389958,1147.070966289254,169,,
3,3577,228.9496731579999,1068.6574539111073,169,,
3,3664,296.288942492609,429.04194532414436,87,,
3,3733,150.63207359080346,451.46426557505515,69,,
3,3880,243.93778222132312,583.4725563048858,147,,
3,4042,315.0017483444859,796.033723474439,162,,
3,4127,495.8470974015662,922.8701660721865,85,,
3,4200,537.0113218717038,897.1132893919857,73,,
3,4309,580.3381289862265,881.7543554217748,109,,
3,4499,502.03620418614963,825.586194788524,190,,
3,4594,546.9963442621778,446.4996473240482,95,low,008
3,4708,558.0661333398396,384.25036775063074,114,high,010
3,4788,496.9404150306241,399.7186988716978,80,,
3,4912,416.56291784224464,233.53292539562167,124,high,010
3,5059,397.8209410727172,146.32630452348263,147,,
3,5176,313.6542326112493,186.8333554843924,117,,
3,5269,275.79636902519866,255.1465884597008,93,,
3,5354,317.94955800285555,255.79193452637918,85,,
3,5517,263.8143415845969,192.0662430329935,163,,
3,5616,234.71313467698045,181.895253950372,99,,
3,5734,273.9956471314123,149.92675524807328,118,,
3,5848,412.986195361815,68.16726885423707,114,,
3,5926,417.59081711303804,189.75470064990282,78,high,010
3,6063,430.6812483553009,219.69700866181938,137,high,010
3,6146,338.9289319769681,380.0837457879849,83,,
3,6291,368.94729365931573,346.81435330359267,145,high,010
3,6460,391.40906900960636,148.12900740057987,169,,
3,6545,230.76219811451324,393.4008830171153,85,,
3,6605,88.43789291766866,716.5416468179687,60,,
3,6730,149.97131780205936,788.8649203095567,125,,
3,6906,439.4152214853734,553.7816388117409,176,low,008
3,7039,745.7297036365935,294.405816962341,133,low,012
3,7115,774.9587564138594,143.13482550350165,76,,
3,7223,656.1507100041074,-28.6452431331213,108,,
3,7291,557.3571121795372,-42.30467023109243,68,,
3,7385,175.4153180574777,396.6299299137594,94,,
3,7607,-98.06916202536458,888.6821934133986,222,,
3,7731,-223.7950509226578,1085.5944775170262,124,,
3,7848,-339.43930887148554,1075.3853780098289,117,,
3,7934,-282.0325644552159,998.8523279333713,86,,
3,8002,-93.63692251195741,742.4792548997171,68,,
3,8162,62.33476702831864,415.2022589623652,160,,
3,8255,28.39181268768128,498.3107046061877,93,,
3,8334,33.41314186693758,582.8687460012836,79,,
3,8375,24.05864360772511,547.681427586318,41,,
3,8474,-123.76014328223562,515.8933811424415,99,,
3,8552,-182.7078682700199,740.0289913153707,78,,
3,8598,-224.5818752612596,786.709564882692,46,,
3,8676,282.48860807090443,173.95110995177083,78,,
3,8775,337.7388318895445,-238.8641701353686,99,,
3,8837,533.4489839500907,-459.16119994265944,62,,
3,8968,606.1709349838711,-595.5620263757241,131,,
3,9083,475.9200877193425,-302.7576573120625,115,,
3,9150,421.97420998677603,-178.28146740203917,67,,
3,9228,246.40071962997882,200.57335461837525,78,,
3,9358,99.9665310839567,553.7080210234592,130,,
3,9413,-25.881128220059352,614.5865422223105,55,,
3,9507,-49.27630346329872,521.8728166962969,94,,
3,9624,45.94796883065858,385.05089868266936,117,,
3,9693,171.67527617311532,155.26098648631773,69,,
3,9798,158.050914324994,123.05580441135827,105,,
3,9876,130.16961649979442,335.34791229648766,78,,
3,9967,149.09031792077786,301.2091304407612,91,,
3,10083,95.33332939650136,341.6772718421735,116,,
3,10149,163.2486623286004,140.0250033888684,66,,
3,10243,452.2658183812373,-382.86238796336056,94,,
3,10305,237.93359043451878,-136.4058160774902,62,,
3,10358,310.4762985337048,-170.76673037919718,53,,
3,10488,253.7809252048686,8.144666524541066,130,,
3,10542,165.61513579524524,238.32706742308542,54,,
3,10644,7.951887332670296,618.3921191932197,102,,
3,10713,-146.50439554658152,944.0554322111734,69,,
3,10800,-128.9158104001612,975.103427342325,87,,
3,10870,37.270628831844476,904.3111468720788,70,,
3,10954,557.474279078861,1123.7737170922762,84,,
3,11016,942.3227672976016,1314.8227994534889,62,,
3,11147,741.4461187721461,1406.4918663479896,131,,
3,11225,684.3902946537157,720.7030831534108,78,,
3,11272,599.2673684602236,483.33191556351954,47,,
3,11351,375.0470491727823,260.7660109147243,79,high,010
3,11444,216.0879821678687,330.51661869959855,93,,
3,11551,20.894403371562454,384.74833664740555,107,,
3,11629,-127.97433874641834,547.1315448390354,78,,
3,11718,147.168881899983,513.3658250371345,89,,
3,11810,658.0767657210864,490.1196388060164,92,high,001
3,11949,1128.9300600652439,347.3370475501425,139,,
3,12027,1333.187692669298,385.7939054080828,78,,
3,12066,1404.38566987868,349.19017226639926,39,,
3,12158,1146.3886172070906,434.33525903741884,92,,
3,12255,1130.1258164206206,503.21752754293465,97,,
3,12403,1298.5570879177446,408.6043903113831,148,,
3,12442,1430.8407287338443,139.52804407323904,39,,
3,12558,1611.19700821705,-67.16643798800197,116,,
3,12657,1559.2594846190477,-27.727190588404056,99,,
3,12718,1383.4164325831127,174.2092343559466,61,,
3,12779,1128.8074424618965,279.3364745156753,61,,
3,12840,943.7347987845155,354.23739384808187,61,,
3,12933,765.4414494033701,409.21015980294595,93,high,001
3,13057,633.840713308498,511.78066025123144,124,high,001
3,13112,682.1187150345759,478.53548228581764,55,high,001
3,13213,658.8204522272812,500.79067217052193,101,high,001
